ts	phase	decision	why	evidence	result
2026-09-30T00:16:02Z	scope	Repair reported debugger and UI regressions on v0.14.1	User requested fixes and release while game remains undisturbed	736367b; issue #9; user screenshots	Source review only; release compilation planned
2026-09-30T00:30:57Z	debugger	Guard empty wrapped text before DrawTextW and retain NUL-terminated text storage	Captured crash reads the empty UTF16 vector pointer 0x2 in wrapped-height call	src/ui/canvas.rs; debugger-handoff.md; dump SHA256 07aa4e75f8dce06760c063d70afce465aea56df59817ee822b528cbfe342fa1d	Captured diagnosis; fixed source; live rerun not performed
2026-09-30T00:30:57Z	editor	Remove raw JSON and property reset controls; skip matching active-profile rebuild	User requested simpler filter UI and stable selection on Save	src/ui/app.rs; src/ui/model.rs; src/ui/layout.rs	Implemented; interactive behavior unverified
2026-09-30T00:30:57Z	lifecycle	Wait asynchronously for guarded stop on close and protect modal manager lifetime	Closing must stop input and must not strand work behind borrowed dialog state	src/ui/client.rs; src/ui/mod.rs; src/ui/plugin_manager.rs; manager-review.md	Implemented; source reviewed
2026-09-30T00:30:57Z	feel	Keep smoothing and mapping math unchanged and document mismatched saved settings	Current native defaults differ from original custom curve and area; mapping change lacks fixture validation	native-feel-handoff.md; docs/DEBUGGER_AND_UI_0.14.2.md; BC-10/11/13	Source/settings comparison only; no physical latency claim
2026-09-30T00:30:58Z	review	Use only GPT-6.1 Sol reviewers at High	User prohibits other models; overrides cross-family review step in skill	manager-review.md; native-feel-handoff.md; collaboration agent messages	Nonexistent Ack reply corrected; modal lifetime fixed
2026-09-30T00:33:45Z	cleanup	Remove unused stop-button glyph and raw-editor error display code	Release compilation identified dead controls left after requested deletions	src/ui/draw.rs; src/ui/mod.rs; src/ui/paint.rs; package.log	Removed; final asset compilation pending
2026-09-30T00:34:45Z	repair	Restore log Level Error variant removed by overly broad cleanup edit	Asset compilation failed on missing Level Error references; only unused Tone Error belongs to removal	package-final.log; src/ui/mod.rs	Corrected; final compilation retry required
2026-09-30T00:38:06Z	package	Compile final Windows assets and compare archive binaries against release output	Deliver the requested release without running disabled validation suite or active driver	package-repaired.log; package-verification.json; src/ui/mod.rs	Rust and managed compilation succeeded; six binaries and eight documents matched; staged secret scan clean
